name,campus_proximity,distance_miles,area,typical_rate,features
University Area Hotels,Main Campus,1-3,University Blvd Area,$80-$150,"Close to Campus, Quick Access, Affordable"
Waterford Lakes Hotels,Main Campus,5-8,Waterford Lakes,$70-$130,"Shopping Nearby, Restaurants, Family Friendly"
East Orlando Hotels,Main Campus,3-5,Colonial Drive,$70-$120,"Easy Highway Access, Multiple Options"
Downtown Orlando Hotels,Downtown,0-1,Downtown Orlando,$100-$200+,"Walking Distance, SunRail Access, Urban Amenities"
Lake Nona Hotels,Lake Nona,2-5,Lake Nona Town Center,$90-$180,"Modern Area, Airport Proximity, New Facilities"
Airport Area Hotels,Lake Nona,10-15,Orlando Airport,$80-$150,"Airport Shuttles, Quick Access, Business Friendly"
I-Drive Hotels,Rosen,0-2,International Drive,$80-$250+,"Walking Distance, Theme Parks, Entertainment District"
Convention Center Hotels,Rosen,1-3,Convention Center Area,$100-$200,"Professional, Conference Facilities, I-Drive Access"
Universal Area Hotels,Rosen,2-4,Universal Blvd,$90-$180,"Theme Park Access, Shuttles Available, Entertainment"
